country,indicator,dimension,year,observed,expected,z_observed,z_expected,gap
Indonesia,TDLoss,EnergyServiceSecurity,2020,7.623183070456281,7.737891983616076,-0.20614006076438668,-0.248325506868168,0.04218544610378133
Indonesia,TDLoss,EnergyServiceSecurity,2021,6.968448021387395,7.602551448732314,0.034645849971910475,-0.19855255825655993,0.2331984082284704
Indonesia,TDLoss,EnergyServiceSecurity,2022,6.806268229278077,7.46957810383019,0.09428922632941637,-0.14965016941783305,0.24393939574724943
Indonesia,TDLoss,EnergyServiceSecurity,2023,6.4534213076177736,7.338930545287303,0.22405250615275785,-0.10160311372108959,0.32565561987384745
Indonesia,AccessElec,EnergyServiceSecurity,2020,97.0,98.95534786203793,-0.14641794495067773,0.36331145971988815,-0.5097294046705658
Indonesia,AccessElec,EnergyServiceSecurity,2021,99.2,99.12516857984548,0.42708854565733256,0.4075811342209532,0.01950741143637935
Indonesia,AccessElec,EnergyServiceSecurity,2022,100.0,99.26758723311768,0.6356363604238807,0.4447075078733438,0.19092885255053693
Indonesia,AccessElec,EnergyServiceSecurity,2023,99.4,99.38696415235907,0.4792254993489705,0.47582725242503704,0.003398246923933479
Indonesia,Inflation,MacroPricePressure,2020,1.919835272707928,3.9853311771414064,0.43417995005070864,-0.26360613961259527,0.6977860896633039
Indonesia,Inflation,MacroPricePressure,2021,1.560078829833344,3.9853311771414064,0.5557164009174504,-0.26360613961259527,0.8193225405300457
Indonesia,Inflation,MacroPricePressure,2022,4.209464637147842,3.9853311771414064,-0.33932510389855614,-0.26360613961259527,-0.07571896428596087
Indonesia,Inflation,MacroPricePressure,2023,3.669386548597611,3.9853311771414064,-0.15687062567209778,-0.26360613961259527,0.10673551394049749
Indonesia,CO2IntElec,LowCarbonContinuity,2020,685.15,703.7406666666657,-1.2877888712662684,-1.4987249096699977,0.21093603840372932
Indonesia,CO2IntElec,LowCarbonContinuity,2021,684.41,707.7527878787869,-1.279392579125834,-1.544247803994056,0.2648552248682219
Indonesia,CO2IntElec,LowCarbonContinuity,2022,675.81,711.7649090909081,-1.1818140488451105,-1.5897706983181141,0.4079566494730036
Indonesia,CO2IntElec,LowCarbonContinuity,2023,680.8,715.7770303030293,-1.2384322890893906,-1.6352935926421723,0.3968613035527817
Indonesia,RenCap,LowCarbonContinuity,2020,38.07913724725503,39.136606872168784,-0.8828782603391896,-0.8681081931800102,-0.01477006715917939
Indonesia,RenCap,LowCarbonContinuity,2021,41.67258323644877,40.460085481332456,-0.8326872786383165,-0.8496226807070831,0.016935402068766647
Indonesia,RenCap,LowCarbonContinuity,2022,45.17522541443086,41.82832003049458,-0.7837645871637609,-0.8305120455602037,0.0467474583964429
Indonesia,RenCap,LowCarbonContinuity,2023,47.38745625747869,43.24282402667406,-0.7528655453817434,-0.8107551480302134,0.057889602648469984
Indonesia,RenElec,LowCarbonContinuity,2020,18.13,15.386666666666684,0.05989987206810443,-0.15968852308579093,0.21958839515389536
Indonesia,RenElec,LowCarbonContinuity,2021,18.16,15.28951515151519,0.062301203242326963,-0.16746495515099857,0.22976615839332554
Indonesia,RenElec,LowCarbonContinuity,2022,19.6,15.192363636363666,0.1775650996050044,-0.17524138721620847,0.35280648682121285
Indonesia,RenElec,LowCarbonContinuity,2023,18.59,15.095212121212143,0.09672028340618198,-0.1830178192814184,0.27973810268760035
Malaysia,TDLoss,EnergyServiceSecurity,2020,6.897066593159212,6.922079522042586,0.06089714388083394,0.051698368177699426,0.009198775703134515
Malaysia,TDLoss,EnergyServiceSecurity,2021,6.896992393472499,6.960555564003519,0.060924431619846786,0.03754838671838025,0.02337604490146654
Malaysia,TDLoss,EnergyServiceSecurity,2022,6.897030400751743,6.999245473170159,0.06091045403095743,0.0233197532761312,0.03759070075482623
Malaysia,AccessElec,EnergyServiceSecurity,2020,100.0,99.99399911908846,0.6356363604238807,0.63407202217291,0.0015643382509706871
Malaysia,AccessElec,EnergyServiceSecurity,2021,100.0,99.99636961721765,0.6356363604238807,0.6346899749288499,0.0009463854950307882
Malaysia,AccessElec,EnergyServiceSecurity,2022,100.0,99.9978037298325,0.6356363604238807,0.6350638262437938,0.0005725341800869588
Malaysia,AccessElec,EnergyServiceSecurity,2023,100.0,99.99867133147922,0.6356363604238807,0.6352899967781823,0.00034636364569839984
Malaysia,Inflation,MacroPricePressure,2020,-1.138702153930499,1.922751716343789,1.467445068825301,0.43319468845032355,1.0342503803749774
Malaysia,Inflation,MacroPricePressure,2021,2.477102414654468,1.922751716343789,0.2459184971753636,0.43319468845032355,-0.18727619127495995
Malaysia,Inflation,MacroPricePressure,2022,3.378698625499285,1.922751716343789,-0.05866757974218465,0.43319468845032355,-0.4918622681925082
Malaysia,Inflation,MacroPricePressure,2023,2.488865601257539,1.922751716343789,0.24194454207619434,0.43319468845032355,-0.1912501463741292
Malaysia,CO2IntElec,LowCarbonContinuity,2020,633.7,614.5113333333375,-0.704019640691477,-0.4862984905310537,-0.21772115016042337
Malaysia,CO2IntElec,LowCarbonContinuity,2021,611.44,606.5835757575787,-0.4514500960346282,-0.3963474518491459,-0.05510264418548233
Malaysia,CO2IntElec,LowCarbonContinuity,2022,604.04,598.6558181818218,-0.3674871746302839,-0.30639641316725874,-0.06109076146302517
Malaysia,CO2IntElec,LowCarbonContinuity,2023,607.88,590.7280606060649,-0.4110571230347002,-0.2164453744853716,-0.1946117485493286
Malaysia,RenCap,LowCarbonContinuity,2020,252.666057196733,308.6376508747621,2.1143361697147522,2.896112003416087,-0.7817758337013347
Malaysia,RenCap,LowCarbonContinuity,2021,259.8837380079498,339.10191834436233,2.215148172067904,3.3216176310769256,-1.1064694590090216
Malaysia,RenCap,LowCarbonContinuity,2022,267.9037014980591,372.5731799050129,2.3271659516544734,3.78912305109652,-1.4619570994420465
Malaysia,RenCap,LowCarbonContinuity,2023,265.0640838952058,409.34824274149054,2.287503968262797,4.3027738785821,-2.0152699103193026
Malaysia,RenElec,LowCarbonContinuity,2020,17.58,18.53266666666559,0.015875467207359557,0.09213107271758189,-0.07625560551022234
Malaysia,RenElec,LowCarbonContinuity,2021,19.25,19.826060606059855,0.14954956923907578,0.1956599789581759,-0.04611040971910013
Malaysia,RenElec,LowCarbonContinuity,2022,19.48,21.119454545453664,0.16795977490811453,0.29918888519873355,-0.131229110290619
Malaysia,RenElec,LowCarbonContinuity,2023,19.16,22.412848484847473,0.14234557571640843,0.40271779143929115,-0.2603722157228827
Philippines,TDLoss,EnergyServiceSecurity,2020,9.572993956070954,8.368671250587989,-0.9232041472585251,-0.4803014190900691,-0.44290272816845594
Philippines,TDLoss,EnergyServiceSecurity,2021,9.42778776127873,8.11797790758845,-0.8698029952851877,-0.38810622502566855,-0.4816967702595191
Philippines,TDLoss,EnergyServiceSecurity,2022,9.58884455006053,7.874794377119771,-0.9290333749971639,-0.2986728459156883,-0.6303605290814756
Philippines,AccessElec,EnergyServiceSecurity,2020,96.4,95.24992367272574,-0.3028288060255879,-0.6026361871103203,0.29980738108473237
Philippines,AccessElec,EnergyServiceSecurity,2021,97.5,95.81798908242284,-0.01607556072158464,-0.4545501873143276,0.438474626592743
Philippines,AccessElec,EnergyServiceSecurity,2022,94.8,96.32074326505797,-0.719924435558688,-0.32348982962270423,-0.3964346059359838
Philippines,AccessElec,EnergyServiceSecurity,2023,98.0,96.76509771936664,0.11426682350750844,-0.20765339158788598,0.3219202150953944
Philippines,Inflation,MacroPricePressure,2020,2.393162393162403,2.496498204813162,0.27427593871639,0.23936602106455906,0.034909917651830935
Philippines,Inflation,MacroPricePressure,2021,3.927180221003324,2.496498204813162,-0.24396101312908172,0.23936602106455906,-0.48332703419364076
Philippines,Inflation,MacroPricePressure,2022,5.821158112139547,2.496498204813162,-0.8838032048894088,0.23936602106455906,-1.1231692259539678
Philippines,Inflation,MacroPricePressure,2023,5.978025155414093,2.496498204813162,-0.9367975683682421,0.23936602106455906,-1.176163589432801
Philippines,CO2IntElec,LowCarbonContinuity,2020,598.82,597.4473333333262,-0.3082592760180319,-0.29268453230880287,-0.01557474370922901
Philippines,CO2IntElec,LowCarbonContinuity,2021,599.57,607.8873939393889,-0.3167690315657694,-0.41114101719034557,0.09437198562457616
Philippines,CO2IntElec,LowCarbonContinuity,2022,602.51,618.3274545454478,-0.3501272733128997,-0.529597502071847,0.17947022875894725
Philippines,CO2IntElec,LowCarbonContinuity,2023,616.12,628.7675151515105,-0.5045509706525096,-0.6480539869533897,0.14350301630088003
Philippines,RenCap,LowCarbonContinuity,2020,63.18543124210304,64.13469399181105,-0.5322094187143058,-0.5189507167766138,-0.013258701937692075
Philippines,RenCap,LowCarbonContinuity,2021,65.55932554059007,66.1063416547843,-0.4990523639948325,-0.49141198875052117,-0.007640375244311326
Philippines,RenCap,LowCarbonContinuity,2022,68.24080353978803,68.13860229125106,-0.46159917460677224,-0.46302665703187373,0.0014274824251014895
Philippines,RenCap,LowCarbonContinuity,2023,69.37893476070347,70.23333928310392,-0.4457024772711387,-0.4337686950804774,-0.011933782190661324
Philippines,RenElec,LowCarbonContinuity,2020,21.23,21.60266666666689,0.30803742673775714,0.3378672962131161,-0.029829869475358983
Philippines,RenElec,LowCarbonContinuity,2021,22.13,20.917151515151772,0.38007736196443037,0.28299566608861354,0.09708169587581683
Philippines,RenElec,LowCarbonContinuity,2022,22.16,20.231636363636653,0.3824786931386529,0.22812403596411093,0.15435465717454197
Philippines,RenElec,LowCarbonContinuity,2023,21.43,19.546121212121534,0.3240463012325734,0.17325240583960833,0.15079389539296506
Singapore,TDLoss,EnergyServiceSecurity,2020,0.904528259485374,0.8703689710739917,2.2647180670891416,2.2772805156428513,-0.012562448553709693
Singapore,TDLoss,EnergyServiceSecurity,2021,1.1088834873942126,0.7581994225647455,2.189564217091757,2.3185320828731197,-0.12896786578136288
Singapore,TDLoss,EnergyServiceSecurity,2022,0.28425935614383874,0.6604858209365213,2.492828679167864,2.3544673189550056,0.1383613602128584
Singapore,TDLoss,EnergyServiceSecurity,2023,0.2299725070461501,0.5753651436221755,2.5127932563194615,2.385771370630218,0.12702188568924333
Singapore,AccessElec,EnergyServiceSecurity,2020,100.0,99.99000000000001,0.6356363604238807,0.6330295127393013,0.0026068476845794164
Singapore,AccessElec,EnergyServiceSecurity,2021,100.0,99.99000000000001,0.6356363604238807,0.6330295127393013,0.0026068476845794164
Singapore,AccessElec,EnergyServiceSecurity,2022,100.0,99.99000000000001,0.6356363604238807,0.6330295127393013,0.0026068476845794164
Singapore,AccessElec,EnergyServiceSecurity,2023,100.0,99.99000000000001,0.6356363604238807,0.6330295127393013,0.0026068476845794164
Singapore,Inflation,MacroPricePressure,2020,-0.1721118659253825,0.10631840448876764,1.1409020551471352,1.046840009698793,0.09406204544834207
Singapore,Inflation,MacroPricePressure,2021,2.316103157651459,0.10631840448876764,0.3003088456343891,1.046840009698793,-0.746531164064404
Singapore,Inflation,MacroPricePressure,2022,6.130954189197321,0.10631840448876764,-0.9884615548474867,1.046840009698793,-2.0353015645462795
Singapore,Inflation,MacroPricePressure,2023,4.833723628257976,0.10631840448876764,-0.5502184004715046,1.046840009698793,-1.5970584101702978
Singapore,CO2IntElec,LowCarbonContinuity,2020,504.62,494.71200000000135,0.7605660207777981,0.8729855647337603,-0.11241954395596221
Singapore,CO2IntElec,LowCarbonContinuity,2021,506.18,490.99236363636464,0.7428657292385041,0.9151898263084585,-0.17232409706995433
Singapore,CO2IntElec,LowCarbonContinuity,2022,504.22,487.27272727272884,0.7651045570699245,0.9573940878831463,-0.19228953081322175
Singapore,CO2IntElec,LowCarbonContinuity,2023,500.87,483.55309090909213,0.8031147985164856,0.9995983494578444,-0.19648355094135883
Singapore,RenCap,LowCarbonContinuity,2020,86.88845752238865,76.27808819947478,-0.20114053334167406,-0.349339463874469,0.14819893053279495
Singapore,RenCap,LowCarbonContinuity,2021,120.5139902955241,86.6065989002878,0.268519649439371,-0.20507735637634297,0.47359700581571396
Singapore,RenCap,LowCarbonContinuity,2022,152.692503240186,98.33365190617062,0.7179687741023528,-0.04128129415822308,0.759250068260576
Singapore,RenCap,LowCarbonContinuity,2023,196.4684279970691,111.64861823446168,1.3294032147531463,0.1446937374244669,1.1847094773286795
Singapore,RenElec,LowCarbonContinuity,2020,2.81,2.9279999999999937,-1.1663799142348237,-1.1569346782828827,-0.009445235951941022
Singapore,RenElec,LowCarbonContinuity,2021,2.91,2.941636363636359,-1.1583754769874157,-1.1558431641127813,-0.0025323128746344015
Singapore,RenElec,LowCarbonContinuity,2022,4.1,2.955272727272721,-1.0631226737432586,-1.1547516499426804,0.09162897619942179
Singapore,RenElec,LowCarbonContinuity,2023,4.54,2.9689090909090865,-1.027903149854663,-1.153660135772579,0.12575698591791618
Thailand,TDLoss,EnergyServiceSecurity,2020,7.307003413276858,7.014183641167696,-0.08986156487737688,0.01782608008552698,-0.10768764496290387
Thailand,TDLoss,EnergyServiceSecurity,2021,7.922316566733913,7.104621924476761,-0.3161496462224645,-0.015433578829890798,-0.3007160673925737
Thailand,TDLoss,EnergyServiceSecurity,2022,7.473237729751565,7.1962262854801535,-0.15099603651580742,-0.04912207545610062,-0.10187396105970681
Thailand,TDLoss,EnergyServiceSecurity,2023,7.161360066901912,7.289011759151334,-0.036299645671362644,-0.08324493906755114,0.04694529339618849
Thailand,AccessElec,EnergyServiceSecurity,2020,100.0,99.90979761077404,0.6356363604238807,0.6121219714741349,0.02351438894974578
Thailand,AccessElec,EnergyServiceSecurity,2021,100.0,99.92718060630743,0.6356363604238807,0.6166534536398678,0.018982906784012932
Thailand,AccessElec,EnergyServiceSecurity,2022,99.9,99.94121567782005,0.6095678835780636,0.6203121830074301,-0.0107442994293665
Thailand,AccessElec,EnergyServiceSecurity,2023,100.0,99.95254694091443,0.6356363604238807,0.6232660707035265,0.012370289720354255
Thailand,Inflation,MacroPricePressure,2020,-0.8459371473570412,0.3447965554872464,1.3685403221789134,0.9662749811755313,0.40226534100338207
Thailand,Inflation,MacroPricePressure,2021,1.230395413183836,0.3447965554872464,0.667093287038072,0.9662749811755313,-0.2991816941374593
Thailand,Inflation,MacroPricePressure,2022,6.08,0.3447965554872464,-0.9712477107746683,0.9662749811755313,-1.9375226919501998
Thailand,Inflation,MacroPricePressure,2023,1.23,0.3447965554872464,0.6672268693989752,0.9662749811755313,-0.2990481117765561
Thailand,CO2IntElec,LowCarbonContinuity,2020,570.49,567.710000000001,0.013182556871839581,0.04472538410210927,-0.03154282723026969
Thailand,CO2IntElec,LowCarbonContinuity,2021,566.06,563.456000000002,0.06344684630714312,0.09299271756886496,-0.02954587126172184
Thailand,CO2IntElec,LowCarbonContinuity,2022,560.29,559.2020000000011,0.12891523232107005,0.14126005103564127,-0.012344818714571215
Thailand,CO2IntElec,LowCarbonContinuity,2023,549.24,554.9480000000021,0.2542922973910686,0.18952738450239695,0.06476491288867167
Thailand,RenCap,LowCarbonContinuity,2020,165.3279125262118,190.1902037901383,0.8944521825534849,1.2417129482981486,-0.3472607657446637
Thailand,RenCap,LowCarbonContinuity,2021,172.9289610270183,210.5847923172921,1.0006188224191432,1.5265716668211118,-0.5259528444019685
Thailand,RenCap,LowCarbonContinuity,2022,174.8304939118632,233.1663454351649,1.0271782315528457,1.8419765240875885,-0.8147982925347428
Thailand,RenCap,LowCarbonContinuity,2023,175.6417198383849,258.16937702546477,1.0385089224149782,2.1912030617310982,-1.15269413931612
Thailand,RenElec,LowCarbonContinuity,2020,14.2,14.36066666666602,-0.25467451175503575,-0.2418140492442517,-0.012860462510784043
Thailand,RenElec,LowCarbonContinuity,2021,15.0,15.259151515150961,-0.19063901377577053,-0.16989539336980441,-0.020743620405966112
Thailand,RenElec,LowCarbonContinuity,2022,15.79,16.157636363635902,-0.12740395952124622,-0.09797673749535715,-0.02942722202588907
Thailand,RenElec,LowCarbonContinuity,2023,15.62,17.056121212120615,-0.14101150284184008,-0.02605808162092809,-0.11495342122091198
Vietnam,TDLoss,EnergyServiceSecurity,2020,6.532956301198147,6.359178789561484,0.19480265021196058,0.2587112136292201,-0.06390856341725953
Vietnam,TDLoss,EnergyServiceSecurity,2021,6.488909583808505,6.056888180423638,0.2110013079387647,0.3698818615604694,-0.15888055362170472
Vietnam,TDLoss,EnergyServiceSecurity,2022,6.19935170178282,5.7689672903009965,0.3174893574689989,0.4757678895755841,-0.15827853210658516
Vietnam,AccessElec,EnergyServiceSecurity,2020,99.8,99.96377113453994,0.5834994067322428,0.6261920470199221,-0.042692640287679384
Vietnam,AccessElec,EnergyServiceSecurity,2021,100.0,99.97694097653563,0.6356363604238807,0.6296252242311996,0.006011136192681121
Vietnam,AccessElec,EnergyServiceSecurity,2022,100.0,99.98532404775895,0.6356363604238807,0.6318105632120194,0.0038257972118612704
Vietnam,AccessElec,EnergyServiceSecurity,2023,99.8,99.990659751526,0.5834994067322428,0.633201499913093,-0.04970209318085028
Vietnam,Inflation,MacroPricePressure,2020,3.220934366525141,2.6310315393863313,-0.005370110053717419,0.1939166501606139,-0.19928676021433134
Vietnam,Inflation,MacroPricePressure,2021,1.834715548104437,2.6310315393863313,0.46293593047013154,0.1939166501606139,0.2690192803095176
Vietnam,Inflation,MacroPricePressure,2022,3.156507499631293,2.6310315393863313,0.016395206170159007,0.1939166501606139,-0.17752144399045489
Vietnam,Inflation,MacroPricePressure,2023,3.252892826676616,2.6310315393863313,-0.01616663058561108,0.1939166501606139,-0.21008328074622498
Vietnam,CO2IntElec,LowCarbonContinuity,2020,528.44,517.5406666666604,0.4902961845816547,0.6139637343150245,-0.1236675497333698
Vietnam,CO2IntElec,LowCarbonContinuity,2021,475.06,530.9446060606024,1.0959638527659588,0.46187807082284454,0.6340857819431143
Vietnam,CO2IntElec,LowCarbonContinuity,2022,415.41,544.3485454545407,1.7727730773293473,0.30979240733070584,1.4629806699986414
Vietnam,CO2IntElec,LowCarbonContinuity,2023,472.4,557.7524848484827,1.1261451191086012,0.15770674383852593,0.9684383752700753
Vietnam,RenCap,LowCarbonContinuity,2020,391.3804203380919,269.6551373146997,4.051810695006921,2.351628899835026,1.7001817951718952
Vietnam,RenCap,LowCarbonContinuity,2021,434.6260919456511,293.75796785034134,4.655838894908702,2.688281998279136,1.9675568966295658
Vietnam,RenCap,LowCarbonContinuity,2022,448.3440141921219,320.01520362229735,4.847442159996622,3.055026466989362,1.7924156930072601
Vietnam,RenCap,LowCarbonContinuity,2023,476.3089280600867,348.61941379440077,5.2380383967104605,3.45455199029856,1.7834864064119005
Vietnam,RenElec,LowCarbonContinuity,2020,34.81,36.92666666666662,1.3950400049357838,1.564467260005919,-0.16942725507013523
Vietnam,RenElec,LowCarbonContinuity,2021,42.78,36.494242424242316,2.0329936535542132,1.5298541328784856,0.5031395206757276
Vietnam,RenElec,LowCarbonContinuity,2022,49.46,36.06181818181801,2.567690061681077,1.4952410057510521,1.0724490559300248
Vietnam,RenElec,LowCarbonContinuity,2023,42.94,35.62939393939371,2.0458007531500657,1.4606278786236186,0.5851728745264471
